,tags
0,1natureshot
1,animal
2,animaladdicts
3,animalart
4,animalcrossing
5,animalcruelty
6,animaldrawing
7,animale
8,animalelite
9,animales
10,animalfacts
11,animalfriends
12,animali
13,animalkingdom
14,animalliberation
15,animallove
16,animallover
17,animallovers
18,animalphotographer
19,animalphotography
20,animalphotos
21,animalplanet
22,animalportrait
23,animalprint
24,animalrescue
25,animalrights
26,animals
27,animals_captures
28,animals_in_would
29,animalsco
30,animalslover
31,animalsmood
32,animalsofig
33,animalsofinstagram
34,animalvideo
35,animalwelfare
36,bathuk
37,bbcearth
38,bbcwildlifepotd
39,britishnature
40,britishwildlife
41,britishwildlifephotography
42,cute
43,earthcapture
44,igwildlife
45,instawildlife
46,kings_nature
47,natgeo
48,natgeowild
49,nature
50,nature_brilliance
51,natureandcolors
52,natureatpar
53,naturebasedlearning
54,naturecaptures
55,natureconserver
56,natureexploring
57,natureheals
58,naturehikingadventures
59,natureintheoffice
60,natureisthebestmedicine
61,natureisthebesttherapy
62,natureknowsbest
63,naturelcurls
64,naturelproducts
65,naturemakesmehappy
66,naturemeetsluxury
67,naturemiracles
68,naturemountain
69,naturenoedits
70,natureoflife
71,naturephotogrpher
72,naturephtography
73,natureseekers
74,naturesouthafrica
75,naturespallette
76,naturesplus
77,naturestone
78,naturetalk
79,naturetank
80,naturethailand
81,naturethug
82,naturettl
83,naturewonders
84,naturexmoment
85,naturezaurbana
86,nuts_about_nature
87,rspb_love_nature
88,show_us_nature
89,sonyalpha
90,sonybbcearth
91,sonyphotography
92,uk_wildlife_images
93,uknature
94,ukwildlife
95,ukwildlifeimages
96,wildlife
97,wildlife_aroundworld
98,wildlife_vision
99,wildlifeaddicts
100,wildlifeart
101,wildlifeartist
102,wildlifeconservation
103,wildlifefriend
104,wildlifegeographic
105,wildlifelover
106,wildlifelovers
107,wildlifeofinstagram
108,wildlifeonearth
109,wildlifeowners
110,wildlifepark
111,wildlifeperfection
112,wildlifephoto
113,wildlifephotographer
114,wildlifephotographeroftheyear
115,wildlifephotographs
116,wildlifephotography
117,wildlifephotos
118,wildlifepics
119,wildlifeplanet
120,wildlifeprotection
121,wildliferefuge
122,wildliferehab
123,wildliferehabilitation
124,wildliferescue
125,wildlifesafari
126,wildlifeseekers
127,wildlifewednesday
128,wildliveplanet
